INSERT INTO prod.user (id, created_at, password, role, updated_at, username)
VALUES (1, '2022-04-29 03:18:51.646000', '$2a$10$GGAvjGnEHmjQ4cpFJj05hebLcMo3.eNuCCG3gNrV8If7oUHxR4kTq', 'ROLE_ADMIN',
        null, 'admin');
INSERT INTO prod.user (id, created_at, password, role, updated_at, username)
VALUES (2, '2022-05-18 03:34:15.787000', '$2a$10$5DRoRsjh9cy4KiJB9M7mG.cyrdxlz8gX1aHbvVeqAn5rkbqjrEGfC', 'ROLE_USER',
        null, 's3841346@student.rmit.edu.au');
INSERT INTO prod.user (id, created_at, password, role, updated_at, username)
VALUES (3, '2022-05-18 03:36:30.273000', '$2a$10$lKo37nOhTNVXWjDxP7JQiOPOGK5Mx41kwo.WYdzBfGrlIfaTALdmy', 'ROLE_USER',
        null, 'albiesands');
INSERT INTO prod.user (id, created_at, password, role, updated_at, username)
VALUES (4, '2022-05-18 03:38:42.964000', '$2a$10$WSKQn70mJPsKeKij0yae/eP.FmwVGn0jEQKdQKXt/NCx.zrBnHGxe', 'ROLE_USER',
        null, 'jess_monaghan');
INSERT INTO prod.user (id, created_at, password, role, updated_at, username)
VALUES (5, '2022-05-18 03:41:05.548000', '$2a$10$PKSl7d7IFjAIeNJN9hofwuooryEvtbKAGaa1bQhogrKXK.pm8riGa', 'ROLE_USER',
        null, 'SamHarvey1234');
INSERT INTO prod.user (id, created_at, password, role, updated_at, username)
VALUES (6, '2022-05-18 03:41:10.387000', '$2a$10$in1vRiwUUQWJajkwumqvGe75DcSr222PcLxN48Z/PovX48QLKmxLW', 'ROLE_USER',
        null, 'Lachy9000');
INSERT INTO prod.user (id, created_at, password, role, updated_at, username)
VALUES (7, '2022-05-18 03:43:25.157000', '$2a$10$JhiIFiWOE9SBozOKqJtgceKjb2LSS2B7nKSDc2CLP/PRuiiSFYcFO', 'ROLE_USER',
        null, 'yohanaponso');
INSERT INTO prod.user (id, created_at, password, role, updated_at, username)
VALUES (8, '2022-05-18 03:43:29.273000', '$2a$10$rVxdc7ZZDWFbEwZ/7S2TAezb2sRxmiwJGnDLkEA1XLUfsVrNbXcFC', 'ROLE_USER',
        null, 'cam.g.timms');
INSERT INTO prod.user (id, created_at, password, role, updated_at, username)
VALUES (9, '2022-05-18 03:44:00.421000', '$2a$10$DV.8onV04JBkYJFMt8Dh3u.G00c0mH.5XdmMV.sabt8U3Yui4m07a', 'ROLE_USER',
        null, 'jessmonaghan');
INSERT INTO prod.user (id, created_at, password, role, updated_at, username)
VALUES (10, '2022-05-18 03:44:23.711000', '$2a$10$YZXD0zklUzsfyjY3RkpYX.r4f58CwLmgBBoWVjIg2e3Yd4azDwbmy', 'ROLE_USER',
        null, 'swsc24@gmail.com');
INSERT INTO prod.user (id, created_at, password, role, updated_at, username)
VALUES (11, '2022-05-18 03:46:23.595000', '$2a$10$ckYCIVaf/FxieMVfEonhbeUDoDuou9fjnvScblgDzyR47KfGC82/e', 'ROLE_USER',
        null, 'inserraluca');
INSERT INTO prod.user (id, created_at, password, role, updated_at, username)
VALUES (12, '2022-05-18 03:48:39.783000', '$2a$10$c3AaTxwJqLhFp0TzVyMPceR41TB5iAZkqqu0M64TTYgt9uoBWVC72', 'ROLE_USER',
        null, 's3658438');
INSERT INTO prod.user (id, created_at, password, role, updated_at, username)
VALUES (13, '2022-05-18 03:51:28.521000', '$2a$10$R96cnMSJ.cNFJ8ZXc1yS.ekM8uGsaZ2jpgxm3U6jqNV/Gs54YRx4e', 'ROLE_USER',
        null, 'Anmolpreet kaur');
INSERT INTO prod.user (id, created_at, password, role, updated_at, username)
VALUES (14, '2022-05-18 03:52:54.163000', '$2a$10$VUTZzRye3nEJiBdUwEve4ew9/nJozPKbBpdGeEdjjEAL5pESbpR4G', 'ROLE_USER',
        null, 'Anita');
INSERT INTO prod.user (id, created_at, password, role, updated_at, username)
VALUES (15, '2022-05-18 03:55:08.245000', '$2a$10$jBBB6qWLyDMahFC1HIgSme4qlVrPglCqG1mvO6NjydOAgg9SsWnmm', 'ROLE_USER',
        null, 'Adam Or');
INSERT INTO prod.user (id, created_at, password, role, updated_at, username)
VALUES (16, '2022-05-18 03:56:22.096000', '$2a$10$27s0OMsqCieVY5LDhiXOA.h8pweat7Ll7OSfezGpmFr73Czo9WJAe', 'ROLE_USER',
        null, 'S3841356');
INSERT INTO prod.user (id, created_at, password, role, updated_at, username)
VALUES (17, '2022-05-18 03:56:50.876000', '$2a$10$lybR9DaVPa0GjFKVGUdAMu64TdV52bTqbF.13HrS4BgvhBCO0fePW', 'ROLE_USER',
        null, 's3452367');
INSERT INTO prod.user (id, created_at, password, role, updated_at, username)
VALUES (18, '2022-05-18 04:00:18.042000', '$2a$10$smNKU0BfNUJQFTgattZZuuHuI0DlEg0mxcE5RsAUrRWEEQdooKakm', 'ROLE_USER',
        null, 'Ethan N');
INSERT INTO prod.user (id, created_at, password, role, updated_at, username)
VALUES (19, '2022-05-18 04:05:26.726000', '$2a$10$gyFUDr4kS1.25f4Y1yr43.QNTuA5NRoxvYq4tVpdgSzl9VU941vV.', 'ROLE_USER',
        null, 'dm9854');
INSERT INTO prod.user (id, created_at, password, role, updated_at, username)
VALUES (20, '2022-05-18 04:05:29.199000', '$2a$10$yhjEPzGrv6KDZo3YVZ444.8EY1LMBEIGlxehKlm3M6gxaAxe.WcAy', 'ROLE_USER',
        null, 'Pat193');
INSERT INTO prod.user (id, created_at, password, role, updated_at, username)
VALUES (21, '2022-05-18 04:09:42.576000', '$2a$10$lM3dp1nxobSiuPWwDhwNb.hp1sWcRdep0j5I3igLCUsG.H0NusrGe', 'ROLE_USER',
        null, 'jeevanrao');
INSERT INTO prod.user (id, created_at, password, role, updated_at, username)
VALUES (22, '2022-05-18 04:14:02.803000', '$2a$10$oCDeHXM.OQo1iRkeX63SPOvR9kpE/PO3kHVFr89KbOX3B9V0JV/mi', 'ROLE_USER',
        null, 's3841663');
INSERT INTO prod.user (id, created_at, password, role, updated_at, username)
VALUES (23, '2022-05-18 04:21:48.016000', '$2a$10$goHpjA3fVCgx3OJK/x968O7/inroBmHWxCURHIPkPYY6uhQWHTpNC', 'ROLE_USER',
        null, 'Rflight');
INSERT INTO prod.user (id, created_at, password, role, updated_at, username)
VALUES (24, '2022-05-18 04:21:56.325000', '$2a$10$Ps3.l462V3YPXxX.D9kx.Of4v5sa1FDfvn0GoUkIbZn5EOOFzfVXq', 'ROLE_USER',
        null, 's3844863');
INSERT INTO prod.user (id, created_at, password, role, updated_at, username)
VALUES (25, '2022-05-18 04:22:27.369000', '$2a$10$Lbp2PxqkXv5S7Zsc5HPAhOQ.Tfw6qrybrit070JywSE1Ljl/0SVbO', 'ROLE_USER',
        null, 's3785864');
INSERT INTO prod.user (id, created_at, password, role, updated_at, username)
VALUES (26, '2022-05-18 04:22:37.488000', '$2a$10$Oj14ny19OM0ra9NI7EA5LOb9z.8ZHSM32k2DaCKlUckWplybkz6s.', 'ROLE_USER',
        null, 's3839980@student.rmit.edu.au');
INSERT INTO prod.user (id, created_at, password, role, updated_at, username)
VALUES (27, '2022-05-18 04:23:47.780000', '$2a$10$vrgJLYUxqINoXy7e0mLyPOTA5lP2xg0MmEOjMHosIoq9jjPG8opvm', 'ROLE_USER',
        null, 's3784357');
INSERT INTO prod.user (id, created_at, password, role, updated_at, username)
VALUES (28, '2022-05-18 04:38:47.875000', '$2a$10$EqWC21Nw/RFetoZPLAchAujhGLJQEMR7yPoHMAO.mwyVNmlwcBJlq', 'ROLE_USER',
        null, 'Marcus');
INSERT INTO prod.user (id, created_at, password, role, updated_at, username)
VALUES (29, '2022-05-18 04:48:43.858000', '$2a$10$W2hW0xUG1sEmYc9CFL/Px.5.SjRyjSFPsM8yaG1PsW7OfQxZniu7a', 'ROLE_USER',
        null, 'Byron Coad');
INSERT INTO prod.user (id, created_at, password, role, updated_at, username)
VALUES (30, '2022-05-18 05:20:14.646000', '$2a$10$oMJ77as3GXHkEM3mkp.0eulIgGgpcYLaPyjq4CMYD4vv5ucGQO9gS', 'ROLE_USER',
        null, 's3857376');
INSERT INTO prod.user (id, created_at, password, role, updated_at, username)
VALUES (31, '2022-05-18 05:47:39.299000', '$2a$10$NBB.IIDFG59nqVAoR/747OP03KRodwREVdl7BPQurX2rEhtKjCcm2', 'ROLE_USER',
        null, 'harrom11');

INSERT INTO prod.role (id, name)
VALUES (1, 'Principal Investigator');
INSERT INTO prod.role (id, name)
VALUES (2, 'Researcher');
INSERT INTO prod.role (id, name)
VALUES (3, 'Flight Engineer');

INSERT INTO prod.for_code (id, code, name)
VALUES (1, '1', 'Mathematical Sciences');
INSERT INTO prod.for_code (id, code, name)
VALUES (2, '2', 'Physical Sciences');
INSERT INTO prod.for_code (id, code, name)
VALUES (3, '3', 'Chemical Sciences');
INSERT INTO prod.for_code (id, code, name)
VALUES (4, '4', 'Earth Sciences');
INSERT INTO prod.for_code (id, code, name)
VALUES (5, '5', 'Environmental Sciences');
INSERT INTO prod.for_code (id, code, name)
VALUES (6, '6', 'Biological Sciences');
INSERT INTO prod.for_code (id, code, name)
VALUES (7, '7', 'Agricutural and Veterinary Sciences');
INSERT INTO prod.for_code (id, code, name)
VALUES (8, '8', 'Information and Computing Sciences');
INSERT INTO prod.for_code (id, code, name)
VALUES (9, '9', 'Engineering');
INSERT INTO prod.for_code (id, code, name)
VALUES (10, '10', 'Technology');
INSERT INTO prod.for_code (id, code, name)
VALUES (11, '11', 'Medical and Health Sciences');
INSERT INTO prod.for_code (id, code, name)
VALUES (12, '12', 'Built Environment and Design');
INSERT INTO prod.for_code (id, code, name)
VALUES (13, '13', 'Education');
INSERT INTO prod.for_code (id, code, name)
VALUES (14, '14', 'Economics');
INSERT INTO prod.for_code (id, code, name)
VALUES (15, '15', 'Commerce, Management, Tourism and Services');
INSERT INTO prod.for_code (id, code, name)
VALUES (16, '16', 'Studies in Human Society');
INSERT INTO prod.for_code (id, code, name)
VALUES (17, '17', 'Psychology and Cognitive Sciences');
INSERT INTO prod.for_code (id, code, name)
VALUES (18, '18', 'Law and Legal Studies');
INSERT INTO prod.for_code (id, code, name)
VALUES (19, '19', 'Studies in Creative Arts and Writing');
INSERT INTO prod.for_code (id, code, name)
VALUES (20, '20', 'Language, Communication and Culture');
INSERT INTO prod.for_code (id, code, name)
VALUES (21, '21', 'History and Archaeology');
INSERT INTO prod.for_code (id, code, name)
VALUES (22, '22', 'Philosophy and Religious Studies');
INSERT INTO prod.for_code (id, code, name)
VALUES (23, '50201', 'Aboriginal and Torres Strait Islander Environmental Knowledge');
INSERT INTO prod.for_code (id, code, name)
VALUES (24, '80601', 'Aboriginal and Torres Strait Islander Information and Knowledge Systems');
INSERT INTO prod.for_code (id, code, name)
VALUES (25, '80701', 'Aboriginal and Torres Strait Islander Knowledge Management');
INSERT INTO prod.for_code (id, code, name)
VALUES (26, '110403', 'Traditional Aboriginal and Torres Strait');
INSERT INTO prod.for_code (id, code, name)
VALUES (27, '111701', 'Aboriginal and Torres Strait Islander Health');
INSERT INTO prod.for_code (id, code, name)
VALUES (28, '130301', 'Aboriginal and Torres Strait Islander Education');
INSERT INTO prod.for_code (id, code, name)
VALUES (29, '160501', 'Aboriginal and Torres Strait Islander Policy');
INSERT INTO prod.for_code (id, code, name)
VALUES (30, '169902', 'Studies of Aboriginal and Torres Strait Islander Society');
INSERT INTO prod.for_code (id, code, name)
VALUES (31, '190401', 'Aboriginal and Torres Strait Islander Performing Arts');
INSERT INTO prod.for_code (id, code, name)
VALUES (32, '200201', 'Aboriginal and Torres Strait Islander Cultural Studies');
INSERT INTO prod.for_code (id, code, name)
VALUES (33, '200319', 'Aboriginal and Torres Strait Islander Languages');
INSERT INTO prod.for_code (id, code, name)
VALUES (34, '200501', 'Aboriginal and Torres Strait Islander Literature');
INSERT INTO prod.for_code (id, code, name)
VALUES (35, '210101', 'Aboriginal and Torres Strait Islander Archaeology');
INSERT INTO prod.for_code (id, code, name)
VALUES (36, '210301', 'Aboriginal and Torres Strait Islander History');
INSERT INTO prod.for_code (id, code, name)
VALUES (37, '50208', 'Maori Environmental Knowledge');
INSERT INTO prod.for_code (id, code, name)
VALUES (38, '80613', 'Maori Information and Knowledge Systems');
INSERT INTO prod.for_code (id, code, name)
VALUES (39, '110405', 'Traditional Maori Medicine and Treatments');
INSERT INTO prod.for_code (id, code, name)
VALUES (40, '111713', 'Maori Health');
INSERT INTO prod.for_code (id, code, name)
VALUES (41, '130104', 'Kura Kaupapa Maori (Maori Primary Education)');
INSERT INTO prod.for_code (id, code, name)
VALUES (42, '130107', 'Te Whariki (Maori Early Childhood Education)');
INSERT INTO prod.for_code (id, code, name)
VALUES (43, '130206', 'Kohanga Reo (Maori Language Curriculum and Pedagogy)');
INSERT INTO prod.for_code (id, code, name)
VALUES (44, '130310', 'Maori Education (excl. Early Childhood and Primary Education)');
INSERT INTO prod.for_code (id, code, name)
VALUES (45, '169904', 'Studies of Maori Society');
INSERT INTO prod.for_code (id, code, name)
VALUES (46, '170108', 'Kaupapa Maori Psychology');
INSERT INTO prod.for_code (id, code, name)
VALUES (47, '180201', 'Nga Tikanga Maori (Maori Customary Law)');
INSERT INTO prod.for_code (id, code, name)
VALUES (48, '180202', 'Te Maori Whakahaere Rauemi (Maori Resource Law)');
INSERT INTO prod.for_code (id, code, name)
VALUES (49, '180203', 'Te Tiriti o Waitangi (The Treaty of Waitangi)');
INSERT INTO prod.for_code (id, code, name)
VALUES (50, '180204', 'Te Ture Whenua (Maori Land Law)');
INSERT INTO prod.for_code (id, code, name)
VALUES (51, '180299', 'Maori Law not elsewhere classified');
INSERT INTO prod.for_code (id, code, name)
VALUES (52, '190405', 'Maori Performing Arts');
INSERT INTO prod.for_code (id, code, name)
VALUES (53, '200207', 'Maori Cultural Studies');
INSERT INTO prod.for_code (id, code, name)
VALUES (54, '200321', 'Te Reo Maori (Maori Language)');
INSERT INTO prod.for_code (id, code, name)
VALUES (55, '200504', 'Maori Literature');
INSERT INTO prod.for_code (id, code, name)
VALUES (56, '210109', 'Maori Archaeology');
INSERT INTO prod.for_code (id, code, name)
VALUES (57, '210309', 'Maori History');
INSERT INTO prod.for_code (id, code, name)
VALUES (58, '50210', 'Pacific Peoples Environmental Knowledge');
INSERT INTO prod.for_code (id, code, name)
VALUES (59, '80614', 'Pacific Peoples Information and Knowledge Systems');
INSERT INTO prod.for_code (id, code, name)
VALUES (60, '111715', 'Pacific Peoples Health');
INSERT INTO prod.for_code (id, code, name)
VALUES (61, '130311', 'Pacific Peoples Education');
INSERT INTO prod.for_code (id, code, name)
VALUES (62, '169905', 'Studies of Pacific Peoples'' Societies');
INSERT INTO prod.for_code (id, code, name)
VALUES (63, '190410', 'Pacific Peoples Performing Arts');
INSERT INTO prod.for_code (id, code, name)
VALUES (64, '200210', 'Pacific Cultural Studies');
INSERT INTO prod.for_code (id, code, name)
VALUES (65, '200320', 'Pacific Languages');
INSERT INTO prod.for_code (id, code, name)
VALUES (66, '200507', 'Pacific Literature');
INSERT INTO prod.for_code (id, code, name)
VALUES (67, '210106', 'Archaeology of New Guinea and Pacific Islands (excl. New Zealand)');
INSERT INTO prod.for_code (id, code, name)
VALUES (68, '210313', 'Pacific History (excl. New Zealand and Maori)');

INSERT INTO prod.seo_code (id, code, name)
VALUES (1, '81', 'Defence');
INSERT INTO prod.seo_code (id, code, name)
VALUES (2, '82', 'Plant Production and Plant Primary Products');
INSERT INTO prod.seo_code (id, code, name)
VALUES (3, '83', 'Animal Production and Animal Primary Products');
INSERT INTO prod.seo_code (id, code, name)
VALUES (4, '84', 'Mineral Resources (excl. Energy Resources)');
INSERT INTO prod.seo_code (id, code, name)
VALUES (5, '85', 'Energy');
INSERT INTO prod.seo_code (id, code, name)
VALUES (6, '86', 'Manufacturing');
INSERT INTO prod.seo_code (id, code, name)
VALUES (7, '87', 'Construction');
INSERT INTO prod.seo_code (id, code, name)
VALUES (8, '88', 'Transport');
INSERT INTO prod.seo_code (id, code, name)
VALUES (9, '89', 'Information and Communication Services');
INSERT INTO prod.seo_code (id, code, name)
VALUES (10, '90', 'Commercial Services and Tourism');
INSERT INTO prod.seo_code (id, code, name)
VALUES (11, '91', 'Economic Framework');
INSERT INTO prod.seo_code (id, code, name)
VALUES (12, '92', 'Health');
INSERT INTO prod.seo_code (id, code, name)
VALUES (13, '93', 'Education and Training');
INSERT INTO prod.seo_code (id, code, name)
VALUES (14, '94', 'Law, Politics and Community Services');
INSERT INTO prod.seo_code (id, code, name)
VALUES (15, '95', 'Cultural Understanding');
INSERT INTO prod.seo_code (id, code, name)
VALUES (16, '96', 'Environment');
INSERT INTO prod.seo_code (id, code, name)
VALUES (17, '97', 'Expanding Knowledge');

INSERT INTO prod.person (id, affiliation, approved, city, country, created_at, deleted, family_name, first_name, state,
                         updated_at)
VALUES (1, 'RMIT', true, 'Melbourne', 'Australia', '2022-05-01 00:00:00', false, 'Iles', 'Gail', 'Victoria', null);
INSERT INTO prod.person (id, affiliation, approved, city, country, created_at, deleted, family_name, first_name, state,
                         updated_at)
VALUES (2, 'RMIT HIVE', true, 'Melbourne', 'Australia', '2022-05-01 00:00:00', false, 'Florent', 'Nicholas', 'Victoria',
        null);
INSERT INTO prod.person (id, affiliation, approved, city, country, created_at, deleted, family_name, first_name, state,
                         updated_at)
VALUES (3, 'RMIT HIVE', true, 'Melbourne', 'Australia', '2022-05-01 00:00:00', false, 'Kirby', 'James', 'Victoria',
        null);
INSERT INTO prod.person (id, affiliation, approved, city, country, created_at, deleted, family_name, first_name, state,
                         updated_at)
VALUES (4, 'Baylor College of Medicine ', true, 'Copenhagen', 'Denmark', '2022-05-01 00:00:00', false, 'Norsk', 'Peter',
        'Copenhagen', null);
INSERT INTO prod.person (id, affiliation, approved, city, country, created_at, deleted, family_name, first_name, state,
                         updated_at)
VALUES (5, 'NL Agency', true, 'Amsterdam', 'Netherlands', '2022-05-01 00:00:00', false, 'Dieckmann', 'Matthias',
        'North Holland', null);
INSERT INTO prod.person (id, affiliation, approved, city, country, created_at, deleted, family_name, first_name, state,
                         updated_at)
VALUES (6, 'University of Hamburg', true, 'Hamburg', 'Germany', '2022-05-01 00:00:00', false, 'Dierks', 'Karsten',
        'Northern Germany', null);
INSERT INTO prod.person (id, affiliation, approved, city, country, created_at, deleted, family_name, first_name, state,
                         updated_at)
VALUES (7, 'Sorbonne University', true, 'Paris ', 'France', '2022-05-01 00:00:00', false, 'Driss-Ecole', 'Dominique',
        'Île-de-France', null);
INSERT INTO prod.person (id, affiliation, approved, city, country, created_at, deleted, family_name, first_name, state,
                         updated_at)
VALUES (8, 'University of Brest', true, 'Morlaix', 'France', '2022-05-01 00:00:00', false, 'Prieur', 'Daniel',
        'Btitanny', null);
INSERT INTO prod.person (id, affiliation, approved, city, country, created_at, deleted, family_name, first_name, state,
                         updated_at)
VALUES (9, 'University of Freiburg', true, 'Breisgau', 'Germany', '2022-05-01 00:00:00', false, 'Dold', 'Pit',
        'Baden-Württemberg', null);
INSERT INTO prod.person (id, affiliation, approved, city, country, created_at, deleted, family_name, first_name, state,
                         updated_at)
VALUES (10, 'Darmstadt University of Technology', true, 'Darmstadt', 'Germany', '2022-05-01 00:00:00', false, 'Scherer',
        'Gerhard ', 'Southern Germany', null);
INSERT INTO prod.person (id, affiliation, approved, city, country, created_at, deleted, family_name, first_name, state,
                         updated_at)
VALUES (11, 'Institute of Biology II (Botany), University of Freiburg', true, 'Breisgau', 'Germany',
        '2022-05-01 00:00:00', false, 'Palme', 'Klaus ', 'Baden-Württemberg', null);
INSERT INTO prod.person (id, affiliation, approved, city, country, created_at, deleted, family_name, first_name, state,
                         updated_at)
VALUES (12, 'ESTEC for HE Space Operations', true, 'Amsterdam', 'Netherlands', '2022-05-01 00:00:00', false, 'Demets',
        'Rene', 'North Holland', null);
INSERT INTO prod.person (id, affiliation, approved, city, country, created_at, deleted, family_name, first_name, state,
                         updated_at)
VALUES (13, 'University of Hamburg', true, 'Hamburh', 'Germany', '2022-05-01 00:00:00', false, 'Wunderlich', 'Rainer',
        'Northern Germany', null);
INSERT INTO prod.person (id, affiliation, approved, city, country, created_at, deleted, family_name, first_name, state,
                         updated_at)
VALUES (14, 'European Academy of Sciences and Arts', true, 'Homburg', 'Germany', '2022-05-01 00:00:00', false, 'Fecht',
        'Hans-Jorg', 'Saarland', null);
INSERT INTO prod.person (id, affiliation, approved, city, country, created_at, deleted, family_name, first_name, state,
                         updated_at)
VALUES (15, 'European College of Sport Science(ECSS)', true, 'Cologn', 'Germany', '2022-05-01 00:00:00', false,
        'Schneider', 'Stefan', 'North Rhine-Westphalia', null);
INSERT INTO prod.person (id, affiliation, approved, city, country, created_at, deleted, family_name, first_name, state,
                         updated_at)
VALUES (16, 'Space Research Institute, USSR Academy of Sciences', true, 'Moscow', 'Russia', '2022-05-01 00:00:00',
        false, 'Vedernikov', 'Andrei', 'Western Russia', null);
INSERT INTO prod.person (id, affiliation, approved, city, country, created_at, deleted, family_name, first_name, state,
                         updated_at)
VALUES (17, 'Airbus Defence and Space', true, 'Aachen', 'Germany', '2022-05-01 00:00:00', false, 'Steimle', 'Christian',
        'Western Germany', null);
INSERT INTO prod.person (id, affiliation, approved, city, country, created_at, deleted, family_name, first_name, state,
                         updated_at)
VALUES (18, 'DISI and DEI Department', true, 'Bologna', 'Italy', '2022-05-01 00:00:00', false, 'Bartolini', 'Andrea',
        'Emilia-Romagna region', null);
INSERT INTO prod.person (id, affiliation, approved, city, country, created_at, deleted, family_name, first_name, state,
                         updated_at)
VALUES (19, 'University of Lyon', true, 'Lyon', 'France', '2022-05-01 00:00:00', false, 'Clement', 'Gilles',
        'Auvergne-Rhône-Alpes', null);
INSERT INTO prod.person (id, affiliation, approved, city, country, created_at, deleted, family_name, first_name, state,
                         updated_at)
VALUES (20, 'European Space Agency', true, 'Eriangen', 'Germany', '2022-05-01 00:00:00', false, 'Witt', 'Johannes',
        'Bavaria', null);
INSERT INTO prod.person (id, affiliation, approved, city, country, created_at, deleted, family_name, first_name, state,
                         updated_at)
VALUES (21, 'German Aerosapce Center', true, 'Aachen', 'Germany', '2022-05-01 00:00:00', false, 'Lohofer', 'George',
        'Western Germany', null);
INSERT INTO prod.person (id, affiliation, approved, city, country, created_at, deleted, family_name, first_name, state,
                         updated_at)
VALUES (22, 'Graz University of Technology', true, 'Styria', 'Austria', '2022-05-01 00:00:00', false, 'Pottlacher',
        'George', 'Southern Austria', null);
INSERT INTO prod.person (id, affiliation, approved, city, country, created_at, deleted, family_name, first_name, state,
                         updated_at)
VALUES (23, 'University of California', true, 'Los Angeles', 'USA', '2022-05-01 00:00:00', false, 'Horvath', 'Steve',
        'California', null);
INSERT INTO prod.person (id, affiliation, approved, city, country, created_at, deleted, family_name, first_name, state,
                         updated_at)
VALUES (24, 'CSIR-Central Salt and Marine Chemicals Research Institute', true, 'Bhavnagar', 'India',
        '2022-05-01 00:00:00', false, 'Raj', 'Savan', 'Gujarat', null);
INSERT INTO prod.person (id, affiliation, approved, city, country, created_at, deleted, family_name, first_name, state,
                         updated_at)
VALUES (25, 'School of Physics and Astronomy at the University of Edinburgh', true, 'London', 'England',
        '2022-05-01 00:00:00', false, 'Cockell', 'Charles', 'South-East England', null);
INSERT INTO prod.person (id, affiliation, approved, city, country, created_at, deleted, family_name, first_name, state,
                         updated_at)
VALUES (26, 'Integrative Neuroscience and Cognition Center', true, 'Paris', 'France', '2022-05-01 00:00:00', false,
        'Mcintyre', 'Joe', 'North-Central of France', null);
INSERT INTO prod.person (id, affiliation, approved, city, country, created_at, deleted, family_name, first_name, state,
                         updated_at)
VALUES (27, 'University of Padova', true, 'Padua', 'Italy', '2022-05-01 00:00:00', false, 'Tagliabue', 'Mariaelena',
        'Veneto', null);
INSERT INTO prod.person (id, affiliation, approved, city, country, created_at, deleted, family_name, first_name, state,
                         updated_at)
VALUES (28, 'CNES', true, 'Toulouse', 'France', '2022-05-01 00:00:00', false, 'Mignot', 'Jean', 'Southern France',
        null);
INSERT INTO prod.person (id, affiliation, approved, city, country, created_at, deleted, family_name, first_name, state,
                         updated_at)
VALUES (29, 'MEDES - Institute for Space Medicine and Physiology', true, 'Toulouse', 'France', '2022-05-01 00:00:00',
        false, 'Llodra-Perez', 'Anais', 'Occitanie', null);
INSERT INTO prod.person (id, affiliation, approved, city, country, created_at, deleted, family_name, first_name, state,
                         updated_at)
VALUES (30, 'NASA Engineering & Safety Center', true, 'Purdue', 'USA', '2022-05-01 00:00:00', false, 'Bauer', 'Frank',
        'Indiana', null);
INSERT INTO prod.person (id, affiliation, approved, city, country, created_at, deleted, family_name, first_name, state,
                         updated_at)
VALUES (31, 'European Spacen Agency', true, 'Aachen', 'Germany', '2022-05-01 00:00:00', false, 'Armborst', 'Lukas',
        'Western Germany', null);
INSERT INTO prod.person (id, affiliation, approved, city, country, created_at, deleted, family_name, first_name, state,
                         updated_at)
VALUES (32, 'RMIT University', true, 'Melbourne', 'Australia', '2022-05-18 03:34:15.861000', false, 'Nitschke',
        'Hayley', 'Victoria', '2022-05-18 03:41:31.748000');
INSERT INTO prod.person (id, affiliation, approved, city, country, created_at, deleted, family_name, first_name, state,
                         updated_at)
VALUES (33, 'RMIT University', true, 'Melbourne', 'Australia', '2022-05-18 03:35:47.955000', false, 'Maher', 'Phoebe',
        'Victoria', '2022-05-18 03:41:34.251000');
INSERT INTO prod.person (id, affiliation, approved, city, country, created_at, deleted, family_name, first_name, state,
                         updated_at)
VALUES (34, 'RMIT University', true, 'Melbourne', 'Australia', '2022-05-18 03:36:14.088000', false, 'Wilson', 'Holly ',
        'Victoria', '2022-05-18 03:41:34.817000');
INSERT INTO prod.person (id, affiliation, approved, city, country, created_at, deleted, family_name, first_name, state,
                         updated_at)
VALUES (35, 'RMIT University', true, 'Melbourne', 'Australia', '2022-05-18 03:36:30.331000', false, 'Sands', 'Albert',
        'Victoria', '2022-05-18 03:41:35.507000');
INSERT INTO prod.person (id, affiliation, approved, city, country, created_at, deleted, family_name, first_name, state,
                         updated_at)
VALUES (36, 'RMIT University', true, 'Melbourne', 'Australia', '2022-05-18 03:36:33.438000', false, 'Maafa', 'Ameena',
        'Victoria', '2022-05-18 03:41:36.194000');
INSERT INTO prod.person (id, affiliation, approved, city, country, created_at, deleted, family_name, first_name, state,
                         updated_at)
VALUES (37, 'RMIT University', true, 'Melbourne', 'Australia', '2022-05-18 03:39:45.316000', false, 'Monaghan',
        'Jessica ', 'Victoria', '2022-05-18 03:41:36.755000');
INSERT INTO prod.person (id, affiliation, approved, city, country, created_at, deleted, family_name, first_name, state,
                         updated_at)
VALUES (38, 'RMIT University', true, 'Melbourne', 'Australia', '2022-05-18 03:41:05.615000', false, 'Dakin', 'Sam',
        'Victoria', '2022-05-18 03:41:37.478000');
INSERT INTO prod.person (id, affiliation, approved, city, country, created_at, deleted, family_name, first_name, state,
                         updated_at)
VALUES (39, 'RMIT University', true, 'Melbourne', 'Australia', '2022-05-18 03:41:10.451000', false, 'Kirschenberg',
        'Lachlan', 'Victoria', '2022-05-18 03:41:38.376000');
INSERT INTO prod.person (id, affiliation, approved, city, country, created_at, deleted, family_name, first_name, state,
                         updated_at)
VALUES (40, 'RMIT University', true, 'Melbourne', 'Australia', '2022-05-18 03:43:25.214000', false, 'Aponso', 'Yohan',
        'Victoria', '2022-05-18 03:43:33.891000');
INSERT INTO prod.person (id, affiliation, approved, city, country, created_at, deleted, family_name, first_name, state,
                         updated_at)
VALUES (41, 'RMIT University', true, 'Melbourne', 'Australia', '2022-05-18 03:43:29.338000', false, 'Timms', 'Campbell',
        'Victoria', '2022-05-18 03:43:53.836000');
INSERT INTO prod.person (id, affiliation, approved, city, country, created_at, deleted, family_name, first_name, state,
                         updated_at)
VALUES (42, 'RMIT University', true, 'Melbourne', 'Australia', '2022-05-18 03:44:00.482000', false, 'Monaghan',
        'Jessica ', 'Victoria', '2022-05-18 03:44:07.343000');
INSERT INTO prod.person (id, affiliation, approved, city, country, created_at, deleted, family_name, first_name, state,
                         updated_at)
VALUES (43, 'RMIT University', true, 'Melbourne', 'Australia', '2022-05-18 03:44:23.774000', false, 'Cox', 'Samuel',
        'Victoria', '2022-05-18 03:44:25.894000');
INSERT INTO prod.person (id, affiliation, approved, city, country, created_at, deleted, family_name, first_name, state,
                         updated_at)
VALUES (44, 'RMIT University', true, 'Melbourne', 'Australia', '2022-05-18 03:46:23.650000', false, 'Inserra', 'Luca',
        'Victoria', '2022-05-18 03:47:31.106000');
INSERT INTO prod.person (id, affiliation, approved, city, country, created_at, deleted, family_name, first_name, state,
                         updated_at)
VALUES (45, 'RMIT University', true, 'Melbourne', 'Australia', '2022-05-18 03:48:39.868000', false, 'Chand', 'Hirdesh',
        'Victoria', '2022-05-18 03:48:49.256000');
INSERT INTO prod.person (id, affiliation, approved, city, country, created_at, deleted, family_name, first_name, state,
                         updated_at)
VALUES (46, 'RMIT University', true, 'Melbourne', 'Australia', '2022-05-18 03:51:28.587000', false, 'Sodhi',
        'Anmolpreet kaur', 'Victoria', '2022-05-18 03:51:56.119000');
INSERT INTO prod.person (id, affiliation, approved, city, country, created_at, deleted, family_name, first_name, state,
                         updated_at)
VALUES (47, 'RMIT University', true, 'Melbourne', 'Australia', '2022-05-18 03:52:54.236000', false, 'Burke', 'Anita',
        'Victoria', '2022-05-18 03:53:14.461000');
INSERT INTO prod.person (id, affiliation, approved, city, country, created_at, deleted, family_name, first_name, state,
                         updated_at)
VALUES (48, 'RMIT University', true, 'Melbourne', 'Australia', '2022-05-18 03:55:08.310000', false, 'Or', 'Adam',
        'Victoria', '2022-05-18 03:55:15.362000');
INSERT INTO prod.person (id, affiliation, approved, city, country, created_at, deleted, family_name, first_name, state,
                         updated_at)
VALUES (49, 'RMIT University', true, 'Melbourne', 'Australia', '2022-05-18 03:56:22.159000', false, 'Chittenden',
        'Luke', 'Victoria', '2022-05-18 03:58:05.947000');
INSERT INTO prod.person (id, affiliation, approved, city, country, created_at, deleted, family_name, first_name, state,
                         updated_at)
VALUES (50, 'RMIT University', true, 'Melbourne', 'Australia', '2022-05-18 04:00:18.104000', false, 'Near', 'Ethan',
        'Victoria', '2022-05-18 04:01:00.447000');
INSERT INTO prod.person (id, affiliation, approved, city, country, created_at, deleted, family_name, first_name, state,
                         updated_at)
VALUES (51, 'RMIT University', true, 'Melbourne', 'Australia', '2022-05-18 04:05:26.869000', false, 'McKenna', 'Daniel',
        'Victoria', '2022-05-18 04:05:38.286000');
INSERT INTO prod.person (id, affiliation, approved, city, country, created_at, deleted, family_name, first_name, state,
                         updated_at)
VALUES (52, 'RMIT University', true, 'Melbourne', 'Australia', '2022-05-18 04:05:29.269000', false, 'Leveridge',
        'Patrick', 'Victoria', '2022-05-18 04:05:41.008000');
INSERT INTO prod.person (id, affiliation, approved, city, country, created_at, deleted, family_name, first_name, state,
                         updated_at)
VALUES (53, 'RMIT University', true, 'Melbourne', 'Australia', '2022-05-18 04:09:42.633000', false, 'Rao', 'Jeevan',
        'Victoria', '2022-05-18 04:10:03.018000');
INSERT INTO prod.person (id, affiliation, approved, city, country, created_at, deleted, family_name, first_name, state,
                         updated_at)
VALUES (54, 'RMIT University', true, 'Melbourne', 'Australia', '2022-05-18 04:14:02.877000', false, 'Pisano', 'Daniel',
        'Victoria', '2022-05-18 04:14:07.286000');
INSERT INTO prod.person (id, affiliation, approved, city, country, created_at, deleted, family_name, first_name, state,
                         updated_at)
VALUES (55, 'RMIT University', true, 'Melbourne', 'Australia', '2022-05-18 04:21:48.100000', false, 'Hogg', 'Ryan',
        'Victoria', '2022-05-18 04:21:53.106000');
INSERT INTO prod.person (id, affiliation, approved, city, country, created_at, deleted, family_name, first_name, state,
                         updated_at)
VALUES (56, 'RMIT University', true, 'Melbourne', 'Australia', '2022-05-18 04:21:56.384000', false, 'Confalonieri',
        'Lucas', 'Victoria', '2022-05-18 04:22:31.469000');
INSERT INTO prod.person (id, affiliation, approved, city, country, created_at, deleted, family_name, first_name, state,
                         updated_at)
VALUES (57, 'RMIT University', true, 'Melbourne', 'Australia', '2022-05-18 04:22:27.441000', false, 'Scholes', 'Jackie',
        'Victoria', '2022-05-18 04:22:53.770000');
INSERT INTO prod.person (id, affiliation, approved, city, country, created_at, deleted, family_name, first_name, state,
                         updated_at)
VALUES (58, 'RMIT University', true, 'Melbourne', 'Australia', '2022-05-18 04:22:37.551000', false, 'Rathee',
        'Sanpreet', 'Victoria', '2022-05-18 04:22:54.714000');
INSERT INTO prod.person (id, affiliation, approved, city, country, created_at, deleted, family_name, first_name, state,
                         updated_at)
VALUES (59, 'RMIT University', true, 'Melbourne', 'Australia', '2022-05-18 04:23:47.839000', false, 'Sefer', 'Monty',
        'Victoria', '2022-05-18 04:27:48.187000');
INSERT INTO prod.person (id, affiliation, approved, city, country, created_at, deleted, family_name, first_name, state,
                         updated_at)
VALUES (60, 'RMIT University', true, 'Melbourne', 'Australia', '2022-05-18 04:38:47.941000', false, 'Fletcher',
        'Marcus', 'Victoria', '2022-05-18 04:39:02.920000');
INSERT INTO prod.person (id, affiliation, approved, city, country, created_at, deleted, family_name, first_name, state,
                         updated_at)
VALUES (61, 'RMIT University', true, 'Melbourne', 'Australia', '2022-05-18 04:48:43.940000', false, 'Coad', 'Byron',
        'Victoria', '2022-05-18 04:48:50.112000');
INSERT INTO prod.person (id, affiliation, approved, city, country, created_at, deleted, family_name, first_name, state,
                         updated_at)
VALUES (62, 'RMIT University', true, 'Melbourne', 'Australia', '2022-05-18 05:20:14.705000', false, 'Monaghan',
        'Harrison', 'Victoria', '2022-05-18 05:21:32.533000');

INSERT INTO prod.platform (id, name)
VALUES (1, 'spaceStation');
INSERT INTO prod.platform (id, name)
VALUES (2, 'spaceShuttle');
INSERT INTO prod.platform (id, name)
VALUES (3, 'retrievableCapsule');
INSERT INTO prod.platform (id, name)
VALUES (4, 'soundingRocket');
INSERT INTO prod.platform (id, name)
VALUES (5, 'parabolicFlight');
INSERT INTO prod.platform (id, name)
VALUES (6, 'groundBasedFacility');

INSERT INTO prod.mission (id, approved, created_at, deleted, end_date, experiment_count, launch_date, name, start_date, updated_at, platform_id) VALUES (1, true, '2022-04-01 00:00:00', false, '2021-01-01', 1, '2021-01-01', 'ISS Increment 65', '2021-01-01', null, 1);
INSERT INTO prod.mission (id, approved, created_at, deleted, end_date, experiment_count, launch_date, name, start_date, updated_at, platform_id) VALUES (2, true, '2022-04-01 00:00:00', false, '1995-01-01', 1, '1995-01-01', 'MIR Euromir 95', '1995-01-01', null, 1);
INSERT INTO prod.mission (id, approved, created_at, deleted, end_date, experiment_count, launch_date, name, start_date, updated_at, platform_id) VALUES (3, true, '2022-04-01 00:00:00', false, '1998-01-01', 1, '1998-01-01', 'STS-95', '1998-01-01', null, 2);
INSERT INTO prod.mission (id, approved, created_at, deleted, end_date, experiment_count, launch_date, name, start_date, updated_at, platform_id) VALUES (4, true, '2022-04-01 00:00:00', false, '1997-01-01', 1, '1997-01-01', 'STS-84', '1997-01-01', null, 2);
INSERT INTO prod.mission (id, approved, created_at, deleted, end_date, experiment_count, launch_date, name, start_date, updated_at, platform_id) VALUES (5, true, '2022-04-01 00:00:00', false, '2007-01-01', 1, '2007-01-01', 'Foton-M3', '2007-01-01', null, 3);
INSERT INTO prod.mission (id, approved, created_at, deleted, end_date, experiment_count, launch_date, name, start_date, updated_at, platform_id) VALUES (6, true, '2022-04-01 00:00:00', false, '2005-01-01', 1, '2005-01-01', 'Foton-M2', '2005-01-01', null, 3);
INSERT INTO prod.mission (id, approved, created_at, deleted, end_date, experiment_count, launch_date, name, start_date, updated_at, platform_id) VALUES (7, true, '2022-04-01 00:00:00', false, '2015-01-01', 1, '2015-01-01', 'MASER 13', '2015-01-01', null, 4);
INSERT INTO prod.mission (id, approved, created_at, deleted, end_date, experiment_count, launch_date, name, start_date, updated_at, platform_id) VALUES (8, true, '2022-04-01 00:00:00', false, '2009-01-01', 1, '2009-01-01', 'TEXUS 46', '2009-01-01', null, 4);
INSERT INTO prod.mission (id, approved, created_at, deleted, end_date, experiment_count, launch_date, name, start_date, updated_at, platform_id) VALUES (9, true, '2022-04-01 00:00:00', false, '2020-01-01', 1, '2020-01-01', '73rd ESA Parabolic Flight Campaign', '2020-01-01', null, 5);
INSERT INTO prod.mission (id, approved, created_at, deleted, end_date, experiment_count, launch_date, name, start_date, updated_at, platform_id) VALUES (10, true, '2022-04-01 00:00:00', false, '2007-01-01', 1, '2007-01-01', 'Drop Tower Bremen', '2007-01-01', null, 6);
INSERT INTO prod.mission (id, approved, created_at, deleted, end_date, experiment_count, launch_date, name, start_date, updated_at, platform_id) VALUES (11, true, '2022-04-01 00:00:00', false, '2020-01-01', 1, '2020-01-01', 'ISS Increment 63', '2020-01-01', null, 1);
INSERT INTO prod.mission (id, approved, created_at, deleted, end_date, experiment_count, launch_date, name, start_date, updated_at, platform_id) VALUES (12, true, '2022-04-01 00:00:00', false, '2015-01-01', 1, '2015-01-01', 'ISS Increment 64', '2015-01-01', null, 1);
INSERT INTO prod.mission (id, approved, created_at, deleted, end_date, experiment_count, launch_date, name, start_date, updated_at, platform_id) VALUES (13, true, '2022-04-01 00:00:00', false, '2017-01-01', 1, '2017-01-01', 'ISS Increment 66', '2017-01-01', null, 1);
INSERT INTO prod.mission (id, approved, created_at, deleted, end_date, experiment_count, launch_date, name, start_date, updated_at, platform_id) VALUES (14, true, '2022-04-01 00:00:00', false, '2020-01-01', 1, '2020-01-01', 'ISS Increment 67', '2020-01-01', null, 1);
INSERT INTO prod.mission (id, approved, created_at, deleted, end_date, experiment_count, launch_date, name, start_date, updated_at, platform_id) VALUES (15, true, '2022-04-01 00:00:00', false, '2020-01-01', 1, '2020-01-01', 'ISS Increment 68', '2020-01-01', null, 1);
INSERT INTO prod.mission (id, approved, created_at, deleted, end_date, experiment_count, launch_date, name, start_date, updated_at, platform_id) VALUES (16, true, '2022-04-01 00:00:00', false, '2020-01-01', 1, '2020-01-01', 'ISS Increment 69', '2020-01-01', null, 1);
INSERT INTO prod.mission (id, approved, created_at, deleted, end_date, experiment_count, launch_date, name, start_date, updated_at, platform_id) VALUES (17, true, '2022-04-01 00:00:00', false, '2020-01-01', 1, '2020-01-01', 'ISS Increment 70', '2020-01-01', null, 1);
INSERT INTO prod.mission (id, approved, created_at, deleted, end_date, experiment_count, launch_date, name, start_date, updated_at, platform_id) VALUES (18, true, '2022-04-01 00:00:00', false, '2018-01-01', 1, '2018-01-01', 'ISS Increment 71', '2018-01-01', null, 1);
INSERT INTO prod.mission (id, approved, created_at, deleted, end_date, experiment_count, launch_date, name, start_date, updated_at, platform_id) VALUES (19, true, '2022-04-01 00:00:00', false, '2016-01-01', 1, '2016-01-01', 'ISS Increment 72', '2016-01-01', null, 1);
INSERT INTO prod.mission (id, approved, created_at, deleted, end_date, experiment_count, launch_date, name, start_date, updated_at, platform_id) VALUES (20, true, '2022-04-01 00:00:00', false, '2014-01-01', 1, '2014-01-01', 'ISS Increment 73', '2014-01-01', null, 1);
INSERT INTO prod.mission (id, approved, created_at, deleted, end_date, experiment_count, launch_date, name, start_date, updated_at, platform_id) VALUES (21, true, '2022-04-01 00:00:00', false, '2019-01-01', 1, '2019-01-01', 'ISS Increment 74', '2019-01-01', null, 1);
INSERT INTO prod.mission (id, approved, created_at, deleted, end_date, experiment_count, launch_date, name, start_date, updated_at, platform_id) VALUES (22, true, '2022-05-18 00:00:00', false, '2022-01-01', 0, '2022-01-01', 'RMIT Parabolic Flight 1', '2022-01-01', null, 5);

INSERT INTO prod.toa (id, name)
VALUES (1, 'Pure Basic Research');
INSERT INTO prod.toa (id, name)
VALUES (2, 'Strategic Basic Research');
INSERT INTO prod.toa (id, name)
VALUES (3, 'Applied Research');
INSERT INTO prod.toa (id, name)
VALUES (4, 'Experimental Development');

INSERT INTO prod.experiment (id, approved, created_at, deleted, experiment_aim, experiment_objective,
                             experiment_publications, lead_institution, title, toa_id, updated_at, for_code_id,
                             mission_id, platform_id, seo_code_id)
VALUES (1, true, '2022-05-04 13:09:05', false,
        'To investigate the relationship between the environment condition and the formation of the agglomerates ',
        'prodelop a single mean field theory for the condesation phenomena of the magnetic particles', null, 'RMIT',
        'Self-agglomeration of a ferrofluid in microgravity', 1, null, 2, 1, 1, 2);
INSERT INTO prod.experiment (id, approved, created_at, deleted, experiment_aim, experiment_objective,
                             experiment_publications, lead_institution, title, toa_id, updated_at, for_code_id,
                             mission_id, platform_id, seo_code_id)
VALUES (2, true, '2022-05-04 13:09:05', false,
        'To investigate the relationship between the microgravity and renal fluids excretion in humans',
        'Increased urine output during the first periods of space flight has been reported in many astronauts and considered as an adaptive mechanism to cephalad fluid shift. During German-MIR-92 mission and D2-Spacelab mission the renal output of sodium and fluid',
        'DAMEC Research Center Copenhagen DENMARK', 'DAMEC Research Center Copenhagen DENMARK',
        'Influence of microgravity on renal fluid excretion in humans', 3, null, 6, 2, 1, 12);
INSERT INTO prod.experiment (id, approved, created_at, deleted, experiment_aim, experiment_objective,
                             experiment_publications, lead_institution, title, toa_id, updated_at, for_code_id,
                             mission_id, platform_id, seo_code_id)
VALUES (3, true, '2022-05-04 13:09:05', false,
        'To investigate the relationship between Dynamic Light Scattering and chaterization of biomolecules',
        'Crystal growth is in essence particle size increase as a function of time, and it is therefore important to investigate on inherent visco-elastic properties, or cluster sizes of such sample solutions. The crystallisation of biological   macromolecules in ',
        'ESA''s Technology and Research Program', 'ESA-ESTEC,  Dierks & Partner Systemtechnik',
        'Characterization of selected biomolecules by Dynamic Light Scattering in the course of the STS-95 mission preparation',
        2, null, 2, 3, 2, 12);
INSERT INTO prod.experiment (id, approved, created_at, deleted, experiment_aim, experiment_objective,
                             experiment_publications, lead_institution, title, toa_id, updated_at, for_code_id,
                             mission_id, platform_id, seo_code_id)
VALUES (4, true, '2022-05-04 13:09:05', false,
        'To investigate the relationship between the polarity of lential root statocytes and the microgravity environment',
        'Previous space experiments have shown that the polarity of lentil root statocytes was modified in microgravity (Perbal G. and Driss-Ecole D, 1989). The nucleus was slightly displaced toward the cell center and the amyloplasts were located in the proximal ',
        'Université Pierre et Marie Curie Laboratoire CEMV', 'Université Pierre et Marie Curie Laboratoire CEMV',
        'The cytoskeleton of the Lentil root statocyte', 4, null, 7, 4, 2, 2);
INSERT INTO prod.experiment (id, approved, created_at, deleted, experiment_aim, experiment_objective,
                             experiment_publications, lead_institution, title, toa_id, updated_at, for_code_id,
                             mission_id, platform_id, seo_code_id)
VALUES (5, false, '2022-05-04 13:09:05', false, 'To investigate the enhancements of newly prodeloped hardware',
        'Perform space experiments during a short mission life (generally up to 2 weeks)',
        'The Russian Space Agency, Roskosmos', 'University of Brest', 'Highrad', 4, null, 5, 5, 3, 16);
INSERT INTO prod.experiment (id, approved, created_at, deleted, experiment_aim, experiment_objective,
                             experiment_publications, lead_institution, title, toa_id, updated_at, for_code_id,
                             mission_id, platform_id, seo_code_id)
VALUES (6, false, '2022-05-04 13:09:05', false,
        'To investigate the relatinship between crystallisation of CdTe and related compounds.',
        'Cadmium telluride (CdTe) and related compounds are promising materials for radiation sensors and photorefractive prodices. Their commercial use is still limited owing to the problems in growing them. This MAP project is a close collaboration of scientists ',
        'University of Freiburg', 'University of Freiburg', 'Crystallisation of CdTe and related compounds', 4, null, 2,
        6, 3, 4);
INSERT INTO prod.experiment (id, approved, created_at, deleted, experiment_aim, experiment_objective,
                             experiment_publications, lead_institution, title, toa_id, updated_at, for_code_id,
                             mission_id, platform_id, seo_code_id)
VALUES (7, false, '2022-05-04 13:09:05', false,
        'To investigate the relationship between the direction of gravity vector and root growth of plants',
        'In the SPARC experiment a close look will be taken at these auxin-transporting proteins: AUX and PIN. It is envisaged that in the absence of gravity, the auxintransporting proteins will change their position. This process will be explored by exposing seed',
        'European Space Research and Technology Centre', 'ESA-ESTEC',
        'SPARC - Specialized Phospholipase A, and Re-localization in auxin-transporting Cells in micro-g', 3, null, 2,
        7, 4, 4);
INSERT INTO prod.experiment (id, approved, created_at, deleted, experiment_aim, experiment_objective,
                             experiment_publications, lead_institution, title, toa_id, updated_at, for_code_id,
                             mission_id, platform_id, seo_code_id)
VALUES (8, false, '2022-05-04 13:09:05', false,
        'To investigate the relationship between the modelling of thermo-physical property data of liquid metals and the solidification process',
        'To perform high precision viscosity, surface tension and specific heat capacity measurements of an industrial Fe-alloy.',
        'Institut für Mikro und Nanomaterialien Universität Ulm Abt. Werkstoffe der Elektrotechnik',
        'Institut für Mikro und Nanomaterialien Universität Ulm Abt. Werkstoffe der Elektrotechnik',
        'High precision thermo-physical property data of liquid metals for modeling of industrial solidification processes',
        4, null, 2, 8, 4, 6);
INSERT INTO prod.experiment (id, approved, created_at, deleted, experiment_aim, experiment_objective,
                             experiment_publications, lead_institution, title, toa_id, updated_at, for_code_id,
                             mission_id, platform_id, seo_code_id)
VALUES (9, false, '2022-05-04 13:09:05', false,
        'To investigate the relationship between the impact of gravity on human cerebral perfusion and neurocognitive performance.  ',
        'Within this study we would like to investigate, that is a correlation between cerebrovascular auroregulation and neurocognitive performance during changed gravity conditions and  an effect of age on these mechanisms.',
        'Deutsche Sporthochschule Köln Institut für Bewegungs- und Neurowissenschaft Zentrum für integrative Physiologie im Weltraum',
        'Deutsche Sporthochschule Köln Institut für Bewegungs- und Neurowissenschaft Zentrum für integrative Physiologie im Weltraum',
        'Cerebrovascular autoregulation as a determinant for neurocognitive performance', 2, null, 6, 9, 5, 12);
INSERT INTO prod.experiment (id, approved, created_at, deleted, experiment_aim, experiment_objective,
                             experiment_publications, lead_institution, title, toa_id, updated_at, for_code_id,
                             mission_id, platform_id, seo_code_id)
VALUES (10, false, '2022-05-04 13:09:05', false,
        'To investigate the the relationship betweengas the force in the direction and the temperature gradient ',
        'The 61st ESA Parabolic Flight Campaign took place from 1 September to 12 September 2014 and was conducted from Bordeaux-Mérignac airport in France. While the first week was dedicated to the preparation of the experiments and the experiment integration int',
        'Université Libre de Bruxelles Microgravity Research Center',
        'Université Libre de Bruxelles Microgravity Research Center',
        'ICAPS-IPE - Interactions in Cosmic and Atmospheric Particle Systems - ICAPS Precursor Experiments', 3, null, 4,
        10, 6, 16);
INSERT INTO prod.experiment (id, approved, created_at, deleted, experiment_aim, experiment_objective,
                             experiment_publications, lead_institution, title, toa_id, updated_at, for_code_id,
                             mission_id, platform_id, seo_code_id)
VALUES (11, false, '2022-05-04 13:09:05', false,
        'To investigate the new external payload platform which capable of hosting multiple external payloads on the ISS (International Space Station).',
        'The Bartolomeo external payload facility will extend the infrastructure and capability of the ISS by 12 additional external sites fitting the expectations of the market. It enables the hosting of external payloads in low-Earth orbit, on-board the Internat',
        'European space laboratory Columbus.', 'Airbus Defence and Space Location Ottobrunn', 'Bartolomeo - Commercial',
        2, null, 15, 11, 1, 9);
INSERT INTO prod.experiment (id, approved, created_at, deleted, experiment_aim, experiment_objective,
                             experiment_publications, lead_institution, title, toa_id, updated_at, for_code_id,
                             mission_id, platform_id, seo_code_id)
VALUES (12, false, '2022-05-04 13:09:05', false, 'To investigate the life of astronauts on board during mission',
        'ESA EPO Task List is a series of educational videos about life on the ISS. Different astronauts explain during their respective mission certain aspects of their stay on board. Often they are accompanied by ''Paxi'' - ESA''s mascot for kids. They use Paxi as ',
        'ESA-ESTEC Directorate of Human Spaceflight and Exploration Education Office',
        'ESA-ESTEC Directorate of Human Spaceflight and Exploration Education Office', 'EPO Task List', 1, null, 13, 12,
        1, 13);
INSERT INTO prod.experiment (id, approved, created_at, deleted, experiment_aim, experiment_objective,
                             experiment_publications, lead_institution, title, toa_id, updated_at, for_code_id,
                             mission_id, platform_id, seo_code_id)
VALUES (13, false, '2022-05-04 13:09:05', false,
        'To investigate the judgements of durations of the crewmembers during their stay on baord the ISS',
        'Judgments of durations in seconds, minutes, hours, and days will be recorded in crewmembers throughout their stay on board the ISS and compared with pre- and post-flight baselines. It is hypothesized that time duration is underestimated by astronauts in o',
        'Lyon Neuroscience Research Center INSERM U1028 - Impact Team', 'Lyon Neuroscience Research Center',
        'TIME - Time Perception in Microgravity', 2, null, 16, 13, 1, 9);
INSERT INTO prod.experiment (id, approved, created_at, deleted, experiment_aim, experiment_objective,
                             experiment_publications, lead_institution, title, toa_id, updated_at, for_code_id,
                             mission_id, platform_id, seo_code_id)
VALUES (14, false, '2022-05-04 13:09:05', false,
        'To investigate the relationship between the robustness of improved technology and its capability to monitor gaseous compounds simultaneously',
        'Demonstrate the robustness of the improved technology at the ISS in a representative operational environment: ISS as a test bed for technologies for future exploration. prodelop small European niches in the area of life support based on state of the art te',
        'European Space Agency', 'ESA-ESTEC', 'ANITA-2 - ANalyzing InTerferometer for ambient Air', 4, null, 10, 14, 1,
        9);
INSERT INTO prod.experiment (id, approved, created_at, deleted, experiment_aim, experiment_objective,
                             experiment_publications, lead_institution, title, toa_id, updated_at, for_code_id,
                             mission_id, platform_id, seo_code_id)
VALUES (15, false, '2022-05-04 13:09:05', false,
        'To investigate the relationship between electrical resistivity of molten metals and dependence on the temperature',
        'ELECTRICAL RESISTIVITY project is dedicated to measuring electrical resistivity of molten metals. The aim of the project is to determine the resistivity dependence on the temperature. This dependence can then  be further used to indirectly determine therm',
        'Graz University of Technology Institute of Experimental Physics',
        'Graz University of Technology Institute of Experimental Physics',
        'RESISTIVITY - Electrical Resistivity Measurements of High Temperature Metallic Melts, Batch 2', 3, null, 2, 15,
        1, 4);
INSERT INTO prod.experiment (id, approved, created_at, deleted, experiment_aim, experiment_objective,
                             experiment_publications, lead_institution, title, toa_id, updated_at, for_code_id,
                             mission_id, platform_id, seo_code_id)
VALUES (16, false, '2022-05-04 13:09:05', false,
        'To investigate the relationship between DNA damage caused by low earth orbit radiation and age-related epigenetic changes in humans including the epigenetic clock',
        'he effect of long-term living in space on physical ageing, such as loss of bone density is well-documented. The effect on the innate process of ageing however, is not known. This important question has remained largely unanswered because until now, there ',
        'Public Health England (PHE) Cellular Biology',
        'Oslo University Hospital Department of Molecular Microbiologya, University of California Department of Human Genetics',
        'DNAmAGE - Effects of prolonged spaceflight on DNA methylation age', 4, null, 6, 16, 1, 12);
INSERT INTO prod.experiment (id, approved, created_at, deleted, experiment_aim, experiment_objective,
                             experiment_publications, lead_institution, title, toa_id, updated_at, for_code_id,
                             mission_id, platform_id, seo_code_id)
VALUES (17, false, '2022-05-04 13:09:05', false,
        'To investigate the relationship of the effects of altered gravity on the rock/microbe/liquid system as a whole',
        'The interaction between microbes and rocks in a medium phase can be affected by reduced gravity in more than one way. The reduction of thermal convection in low-gravity, and its absence in microgravity, will minimize the natural stirring in liquids and ga',
        'UK Centre for Astrobiology University of Edinburgh', 'UK Centre for Astrobiology University of Edinburgh',
        'BioAsteroid', 4, null, 6, 17, 1, 12);
INSERT INTO prod.experiment (id, approved, created_at, deleted, experiment_aim, experiment_objective,
                             experiment_publications, lead_institution, title, toa_id, updated_at, for_code_id,
                             mission_id, platform_id, seo_code_id)
VALUES (18, false, '2022-05-04 13:09:05', false,
        'To investigate the relationship between the microgravity environment of lower orbit and the coordiante frames of reference used in nervous system',
        'The purpose of this proposed research is to better understand how the CNS integrates information from different sensory modalities, encoded in different reference frames, in order to coordinate the hand with the visual environment. More specifically, we w',
        'French National Centre for Scientific Research', 'CNRS UMR 8119 Université Paris Descartes',
        'GRASP - Gravitational References for Sensorimotor Performance: Reaching and Grasping', 3, null, 11, 18, 1, 12);
INSERT INTO prod.experiment (id, approved, created_at, deleted, experiment_aim, experiment_objective,
                             experiment_publications, lead_institution, title, toa_id, updated_at, for_code_id,
                             mission_id, platform_id, seo_code_id)
VALUES (19, false, '2022-05-04 13:09:05', false, 'To investigate  the foreseen behaviour of fluids under microgravity.',
        'The objectives of this experiment are to correct mathematical models of fluid sloshing provided by CFD tools;  To derive predictive models for future sloshing  under different operational conditions; To observe the fluid covering all the internal surface ',
        'CNES France', 'France''s space agency CNES User Support and Operation Centre CADMOS',
        'FLUIDICS: FLUId DynamICs in Space (CNES National Contribution)', 1, null, 2, 19, 1, 4);
INSERT INTO prod.experiment (id, approved, created_at, deleted, experiment_aim, experiment_objective,
                             experiment_publications, lead_institution, title, toa_id, updated_at, for_code_id,
                             mission_id, platform_id, seo_code_id)
VALUES (20, false, '2022-05-04 13:09:05', false,
        'To inspire an interest in science, technology, engineering and math (STEM) subjects and in STEM careers among young people',
        'Amateur Radio on the International Space Station (ARISS) inspires students, worldwide, to pursue interests and careers in science, technology, engineering and math through amateur radio communications opportunities with the International Space Station (IS',
        'ARISS - Amateur Radio on the International Space Station',
        'ARISS - Amateur Radio on the International Space Station',
        'ARISS - Amateur Radio on the International Space Station', 2, null, 13, 20, 1, 13);
INSERT INTO prod.experiment (id, approved, created_at, deleted, experiment_aim, experiment_objective,
                             experiment_publications, lead_institution, title, toa_id, updated_at, for_code_id,
                             mission_id, platform_id, seo_code_id)
VALUES (21, false, '2022-05-04 13:09:05', false,
        'To investigate the cybersecurity enhancement for future space mission ',
        'Cryptography ICE Cube is a compact experiment aimed at enhancing cybersecurity for future space missions. It is testing two related approaches to encryption for non rad-hardened systems to make encryption-based secure communication feasible for space miss',
        'European Space Agency', 'ESA-ESTEC', 'CryptIC - Cryptography ICE Cube#5', 3, null, 10, 21, 1, 9);
INSERT INTO prod.experiment (id, approved, created_at, deleted, experiment_aim, experiment_objective,
                             experiment_publications, lead_institution, title, toa, updated_at, for_code_id, mission_id,
                             platform_id, seo_code_id)
VALUES (22, true, '2022-05-18 03:46:37.509000', false, 'Understand the impact of gravity on starch satoliths.', 'Measure the concentration of starch statoliths in the columella cells, within the microscope field of view, during microgravity phase
Measure the distribution, as a percentage, of total starch statolith volume for different quadrants of the columella cells, within the microscope field of view, during the microgravity phase.
Measure the rate of statolith movement in microgravity, hypergravity and normal gravity (e.g. 2nm/s etc) to analyse the rate of cytoskeleton reorganization and gravitropic perception leading to gravitropic response.
Measure acceleration of payload bus to determine whether the sample is in microgravity, hypergravity or another phase.
Measure the temperature and humidity of the payload bus to ensure the sample is kept in sufficient conditions.', null,
        'RMIT University', 'Gravitropism Roots and Stem Study - Experiment 1 (GRASS-E 1)', null, null, 6, 22, 5, 16);
INSERT INTO prod.experiment (id, approved, created_at, deleted, experiment_aim, experiment_objective,
                             experiment_publications, lead_institution, title, toa, updated_at, for_code_id, mission_id,
                             platform_id, seo_code_id)
VALUES (23, true, '2022-05-18 03:49:09.295000', false,
        'Observe ferrofluid within magnetic field in microgravity environment',
        'To determine how ferrofluid differs in microgravity compared to 1g when placed in a magnetic field. ', null,
        'RMIT University', 'Microgravity Ex-Ferro-Ment', null, null, 2, 22, 5, 13);
INSERT INTO prod.experiment (id, approved, created_at, deleted, experiment_aim, experiment_objective,
                             experiment_publications, lead_institution, title, toa, updated_at, for_code_id, mission_id,
                             platform_id, seo_code_id)
VALUES (24, true, '2022-05-18 04:24:51.551000', false, 'To understand resonant frequency patterns in microgravity',
        'We hope to produce patterns with a light granular medium by producing resonant frequencies inside a box of definite size.',
        null, 'RMIT University', 'Granular Systems', null, null, 2, 22, 5, 17);
INSERT INTO prod.experiment (id, approved, created_at, deleted, experiment_aim, experiment_objective,
                             experiment_publications, lead_institution, title, toa, updated_at, for_code_id, mission_id,
                             platform_id, seo_code_id)
VALUES (25, true, '2022-05-18 04:27:49.700000', false, 'Observation of foam formation in microgravity. ',
        'Utilise Arduino to operate camera to produce photos detailing foam evolution. ', null, 'RMIT University',
        'Foam Observer and Measurer', null, null, 2, 22, 5, 6);
INSERT INTO prod.experiment (id, approved, created_at, deleted, experiment_aim, experiment_objective,
                             experiment_publications, lead_institution, title, toa, updated_at, for_code_id, mission_id,
                             platform_id, seo_code_id)
VALUES (26, true, '2022-05-18 04:30:23.065000', false,
        'To study bubble formation and heat transfer due to nucleate boiling in microgravity', '- Deploy an autonomous payload into microgravity conditions
- Induce nucleate boiling in a contained fluid
- Observe formation rate and size of gas bubbles', null, 'RMIT University',
        'Evaporation And Temperature Heat-flux Study over Time in Microgravity conditions', null, null, 2, 22, 5, 17);
INSERT INTO prod.experiment (id, approved, created_at, deleted, experiment_aim, experiment_objective,
                             experiment_publications, lead_institution, title, toa, updated_at, for_code_id, mission_id,
                             platform_id, seo_code_id)
VALUES (27, true, '2022-05-18 05:08:50.191000', false,
        'To analyse how supersaturated carbonated liquids (such as beer) interact under microgravity conditions',
        'We will be measuring the volume and pressure change of the supersaturated carbonated liquid (in our case beer, specifically Ale and Lager) by "tapping" the container of liquid with a solenoid to simulate the phenomena of "beer tapping". This "tapping" will occur once the accelerometer senses that microgravity has been reached.',
        null, 'RMIT University', 'Space Beer', null, null, 2, 22, 5, 17);
INSERT INTO prod.experiment (id, approved, created_at, deleted, experiment_aim, experiment_objective,
                             experiment_publications, lead_institution, title, toa, updated_at, for_code_id, mission_id,
                             platform_id, seo_code_id)
VALUES (28, true, '2022-05-18 05:39:28.954000', false,
        'In this experiment we aim to evaporate a drop under an electric field under microgravity ',
        'In this experiment, we are going to evaporate a sessile water droplet in an electric field under the conditions of micro-gravity ',
        null, 'RMIT University', 'Evaporation of droplets under electric field', null, null, 2, 22, 5, 17);
INSERT INTO prod.experiment (id, approved, created_at, deleted, experiment_aim, experiment_objective,
                             experiment_publications, lead_institution, title, toa, updated_at, for_code_id, mission_id,
                             platform_id, seo_code_id)
VALUES (29, true, '2022-05-18 06:20:28.164000', false,
        'To understand how particles agglomerate in a microgravity environment. ',
        'To determine the relationship between size of agglomerations and count of clumps, over a period of time. ',
        null, 'RMIT University', 'Microgravity Agglomeration of Lunar Dust', null, null, 2, 22, 5, 17);

INSERT INTO prod.experiment_person (experiment_id, person_id, role_id)
VALUES (1, 1, 1);
INSERT INTO prod.experiment_person (experiment_id, person_id, role_id)
VALUES (2, 4, 1);
INSERT INTO prod.experiment_person (experiment_id, person_id, role_id)
VALUES (3, 5, 1);
INSERT INTO prod.experiment_person (experiment_id, person_id, role_id)
VALUES (3, 6, 1);
INSERT INTO prod.experiment_person (experiment_id, person_id, role_id)
VALUES (5, 8, 1);
INSERT INTO prod.experiment_person (experiment_id, person_id, role_id)
VALUES (6, 9, 1);
INSERT INTO prod.experiment_person (experiment_id, person_id, role_id)
VALUES (7, 10, 1);
INSERT INTO prod.experiment_person (experiment_id, person_id, role_id)
VALUES (8, 13, 1);
INSERT INTO prod.experiment_person (experiment_id, person_id, role_id)
VALUES (8, 14, 1);
INSERT INTO prod.experiment_person (experiment_id, person_id, role_id)
VALUES (9, 15, 1);
INSERT INTO prod.experiment_person (experiment_id, person_id, role_id)
VALUES (11, 17, 1);
INSERT INTO prod.experiment_person (experiment_id, person_id, role_id)
VALUES (12, 18, 1);
INSERT INTO prod.experiment_person (experiment_id, person_id, role_id)
VALUES (13, 19, 1);
INSERT INTO prod.experiment_person (experiment_id, person_id, role_id)
VALUES (14, 20, 1);
INSERT INTO prod.experiment_person (experiment_id, person_id, role_id)
VALUES (15, 21, 1);
INSERT INTO prod.experiment_person (experiment_id, person_id, role_id)
VALUES (16, 23, 1);
INSERT INTO prod.experiment_person (experiment_id, person_id, role_id)
VALUES (17, 25, 1);
INSERT INTO prod.experiment_person (experiment_id, person_id, role_id)
VALUES (18, 26, 1);
INSERT INTO prod.experiment_person (experiment_id, person_id, role_id)
VALUES (19, 28, 1);
INSERT INTO prod.experiment_person (experiment_id, person_id, role_id)
VALUES (20, 30, 1);
INSERT INTO prod.experiment_person (experiment_id, person_id, role_id)
VALUES (21, 31, 1);
INSERT INTO prod.experiment_person (experiment_id, person_id, role_id)
VALUES (22, 34, 1);
INSERT INTO prod.experiment_person (experiment_id, person_id, role_id)
VALUES (27, 37, 1);
INSERT INTO prod.experiment_person (experiment_id, person_id, role_id)
VALUES (1, 2, 2);
INSERT INTO prod.experiment_person (experiment_id, person_id, role_id)
VALUES (1, 3, 2);
INSERT INTO prod.experiment_person (experiment_id, person_id, role_id)
VALUES (4, 7, 2);
INSERT INTO prod.experiment_person (experiment_id, person_id, role_id)
VALUES (7, 11, 2);
INSERT INTO prod.experiment_person (experiment_id, person_id, role_id)
VALUES (7, 12, 2);
INSERT INTO prod.experiment_person (experiment_id, person_id, role_id)
VALUES (10, 16, 2);
INSERT INTO prod.experiment_person (experiment_id, person_id, role_id)
VALUES (15, 22, 2);
INSERT INTO prod.experiment_person (experiment_id, person_id, role_id)
VALUES (16, 24, 2);
INSERT INTO prod.experiment_person (experiment_id, person_id, role_id)
VALUES (18, 27, 2);
INSERT INTO prod.experiment_person (experiment_id, person_id, role_id)
VALUES (19, 29, 2);
INSERT INTO prod.experiment_person (experiment_id, person_id, role_id)
VALUES (22, 32, 2);
INSERT INTO prod.experiment_person (experiment_id, person_id, role_id)
VALUES (22, 36, 2);
INSERT INTO prod.experiment_person (experiment_id, person_id, role_id)
VALUES (23, 35, 2);
INSERT INTO prod.experiment_person (experiment_id, person_id, role_id)
VALUES (23, 38, 2);
INSERT INTO prod.experiment_person (experiment_id, person_id, role_id)
VALUES (23, 39, 2);
INSERT INTO prod.experiment_person (experiment_id, person_id, role_id)
VALUES (23, 43, 2);
INSERT INTO prod.experiment_person (experiment_id, person_id, role_id)
VALUES (24, 46, 2);
INSERT INTO prod.experiment_person (experiment_id, person_id, role_id)
VALUES (24, 55, 2);
INSERT INTO prod.experiment_person (experiment_id, person_id, role_id)
VALUES (25, 47, 2);
INSERT INTO prod.experiment_person (experiment_id, person_id, role_id)
VALUES (25, 57, 2);
INSERT INTO prod.experiment_person (experiment_id, person_id, role_id)
VALUES (25, 58, 2);
INSERT INTO prod.experiment_person (experiment_id, person_id, role_id)
VALUES (25, 59, 2);
INSERT INTO prod.experiment_person (experiment_id, person_id, role_id)
VALUES (26, 50, 2);
INSERT INTO prod.experiment_person (experiment_id, person_id, role_id)
VALUES (26, 51, 2);
INSERT INTO prod.experiment_person (experiment_id, person_id, role_id)
VALUES (26, 52, 2);
INSERT INTO prod.experiment_person (experiment_id, person_id, role_id)
VALUES (26, 53, 2);
INSERT INTO prod.experiment_person (experiment_id, person_id, role_id)
VALUES (27, 41, 2);
INSERT INTO prod.experiment_person (experiment_id, person_id, role_id)
VALUES (29, 45, 2);
INSERT INTO prod.experiment_person (experiment_id, person_id, role_id)
VALUES (29, 54, 2);
INSERT INTO prod.experiment_person (experiment_id, person_id, role_id)
VALUES (29, 60, 2);
INSERT INTO prod.experiment_person (experiment_id, person_id, role_id)
VALUES (22, 33, 3);
INSERT INTO prod.experiment_person (experiment_id, person_id, role_id)
VALUES (28, 48, 3);


INSERT INTO prod.platform_for_code (platform_id, for_code_id)
VALUES (1, 2);
INSERT INTO prod.platform_for_code (platform_id, for_code_id)
VALUES (1, 6);
INSERT INTO prod.platform_for_code (platform_id, for_code_id)
VALUES (2, 2);
INSERT INTO prod.platform_for_code (platform_id, for_code_id)
VALUES (2, 7);
INSERT INTO prod.platform_for_code (platform_id, for_code_id)
VALUES (3, 5);
INSERT INTO prod.platform_for_code (platform_id, for_code_id)
VALUES (3, 2);
INSERT INTO prod.platform_for_code (platform_id, for_code_id)
VALUES (4, 2);
INSERT INTO prod.platform_for_code (platform_id, for_code_id)
VALUES (4, 2);
INSERT INTO prod.platform_for_code (platform_id, for_code_id)
VALUES (5, 6);
INSERT INTO prod.platform_for_code (platform_id, for_code_id)
VALUES (6, 4);

INSERT INTO prod.platform_seo_code (seo_code_id, platform_id)
VALUES (1, 2);
INSERT INTO prod.platform_seo_code (seo_code_id, platform_id)
VALUES (1, 12);
INSERT INTO prod.platform_seo_code (seo_code_id, platform_id)
VALUES (2, 12);
INSERT INTO prod.platform_seo_code (seo_code_id, platform_id)
VALUES (2, 2);
INSERT INTO prod.platform_seo_code (seo_code_id, platform_id)
VALUES (3, 16);
INSERT INTO prod.platform_seo_code (seo_code_id, platform_id)
VALUES (3, 4);
INSERT INTO prod.platform_seo_code (seo_code_id, platform_id)
VALUES (4, 4);
INSERT INTO prod.platform_seo_code (seo_code_id, platform_id)
VALUES (4, 6);
INSERT INTO prod.platform_seo_code (seo_code_id, platform_id)
VALUES (5, 12);
INSERT INTO prod.platform_seo_code (seo_code_id, platform_id)
VALUES (6, 16);
